,Unnamed: 0,Unnamed: 0.1,num_not_judged,prob_not_judged,n,N,n/N
0,0,0.0,0,0.0,1.0,2.0,0.5
1,1,1.0,1,0.0067567567567567,1.0,2.0,0.5
2,2,2.0,0,0.0,0.0,1.0,0.0
3,3,3.0,0,0.0,0.0,1.0,0.0
4,4,4.0,0,0.0,0.0,3.0,0.0
5,5,5.0,0,0.0,0.0,3.0,0.0
6,6,6.0,0,0.0,0.0,1.0,0.0
7,7,7.0,0,0.0,0.0,1.0,0.0
8,8,8.0,0,0.0,0.0,1.0,0.0
9,9,9.0,0,0.0,0.0,1.0,0.0
10,10,10.0,2,0.0303030303030303,0.0,1.0,0.0
11,11,11.0,0,0.0,1.0,1.0,1.0
12,12,12.0,0,0.0,1.0,1.0,1.0
13,13,13.0,0,0.0,0.0,1.0,0.0
14,14,14.0,0,0.0,0.0,1.0,0.0
15,15,15.0,0,0.0,0.0,1.0,0.0
16,16,16.0,13,0.2063492063492063,0.0,1.0,0.0
17,17,17.0,23,0.365079365079365,0.0,1.0,0.0
18,18,18.0,0,0.0,0.0,1.0,0.0
19,19,19.0,0,0.0,0.0,1.0,0.0
20,20,20.0,0,0.0,0.0,1.0,0.0
21,21,21.0,0,0.0,0.0,1.0,0.0
22,22,22.0,0,0.0,0.0,1.0,0.0
23,23,23.0,0,0.0,0.0,1.0,0.0
24,24,24.0,0,0.0,0.0,1.0,0.0
25,25,25.0,0,0.0,0.0,1.0,0.0
26,26,26.0,1,0.0086206896551724,1.0,2.0,0.5
27,27,27.0,1,0.0086206896551724,0.0,2.0,0.0
28,28,28.0,0,0.0,0.0,0.0,0.0
29,29,29.0,0,0.0,0.0,0.0,0.0
30,30,30.0,0,0.0,0.0,1.0,0.0
31,31,31.0,0,0.0,1.0,2.0,0.5
32,32,32.0,0,0.0,0.0,1.0,0.0
33,33,33.0,0,0.0,0.0,1.0,0.0
34,34,34.0,0,0.0,1.0,3.0,0.3333333333333333
35,35,35.0,0,0.0,0.0,3.0,0.0
36,36,36.0,0,0.0,0.0,2.0,0.0
37,37,37.0,0,0.0,1.0,1.0,1.0
38,38,38.0,0,0.0,0.0,1.0,0.0
39,39,39.0,0,0.0,1.0,1.0,1.0
40,40,40.0,0,0.0,0.0,1.0,0.0
41,41,41.0,0,0.0,0.0,1.0,0.0
42,42,42.0,0,0.0,0.0,1.0,0.0
43,43,43.0,0,0.0,0.0,1.0,0.0
44,44,44.0,0,0.0,0.0,1.0,0.0
45,45,45.0,0,0.0,0.0,1.0,0.0
46,46,46.0,0,0.0,1.0,2.0,0.5
47,47,47.0,0,0.0,1.0,2.0,0.5
48,48,48.0,0,0.0,0.0,1.0,0.0
49,49,49.0,0,0.0,0.0,1.0,0.0
50,50,50.0,0,0.0,0.0,0.0,0.0
51,51,51.0,0,0.0,0.0,0.0,0.0
52,52,52.0,0,0.0,0.0,1.0,0.0
53,53,53.0,0,0.0,0.0,1.0,0.0
54,54,54.0,0,0.0,0.0,0.0,0.0
55,55,55.0,0,0.0,0.0,0.0,0.0
56,56,56.0,0,0.0,0.0,1.0,0.0
57,57,57.0,0,0.0,0.0,1.0,0.0
58,58,58.0,0,0.0,0.0,0.0,0.0
59,59,59.0,0,0.0,0.0,0.0,0.0
60,60,60.0,0,0.0,0.0,0.0,0.0
61,61,61.0,0,0.0,0.0,0.0,0.0
62,62,62.0,0,0.0,1.0,1.0,1.0
63,63,63.0,0,0.0,0.0,1.0,0.0
64,64,64.0,0,0.0,0.0,0.0,0.0
65,65,65.0,0,0.0,0.0,0.0,0.0
66,66,66.0,0,0.0,1.0,2.0,0.5
67,67,67.0,0,0.0,0.0,2.0,0.0
68,68,68.0,0,0.0,0.0,0.0,0.0
69,69,69.0,0,0.0,0.0,0.0,0.0
70,70,70.0,0,0.0,0.0,2.0,0.0
71,71,71.0,0,0.0,0.0,2.0,0.0
72,72,72.0,0,0.0,0.0,0.0,0.0
73,73,73.0,0,0.0,0.0,0.0,0.0
74,74,74.0,0,0.0,0.0,0.0,0.0
75,75,75.0,0,0.0,0.0,0.0,0.0
76,76,76.0,0,0.0,0.0,0.0,0.0
77,77,77.0,0,0.0,0.0,0.0,0.0
78,78,78.0,0,0.0,0.0,0.0,0.0
79,79,79.0,0,0.0,0.0,0.0,0.0
80,80,80.0,0,0.0,1.0,1.0,1.0
81,81,81.0,0,0.0,0.0,1.0,0.0
82,82,82.0,0,0.0,0.0,1.0,0.0
83,83,83.0,0,0.0,0.0,1.0,0.0
84,84,84.0,0,0.0,0.0,0.0,0.0
85,85,85.0,0,0.0,0.0,0.0,0.0
86,86,86.0,0,0.0,0.0,0.0,0.0
87,87,87.0,0,0.0,0.0,0.0,0.0
88,88,88.0,0,0.0,0.0,0.0,0.0
89,89,89.0,0,0.0,0.0,0.0,0.0
90,90,90.0,0,0.0,0.0,1.0,0.0
91,91,91.0,0,0.0,0.0,1.0,0.0
92,92,92.0,0,0.0,1.0,1.0,1.0
93,93,93.0,0,0.0,0.0,1.0,0.0
94,94,94.0,0,0.0,0.0,0.0,0.0
95,95,95.0,0,0.0,0.0,0.0,0.0
96,96,96.0,0,0.0,0.0,0.0,0.0
97,97,97.0,0,0.0,0.0,0.0,0.0
98,98,98.0,0,0.0,0.0,0.0,0.0
99,99,99.0,0,0.0,0.0,0.0,0.0
100,100,100.0,0,0.0,0.0,0.0,0.0
101,101,101.0,0,0.0,0.0,0.0,0.0
102,102,102.0,0,0.0,1.0,1.0,1.0
103,103,103.0,0,0.0,0.0,1.0,0.0
104,104,104.0,0,0.0,0.0,0.0,0.0
105,105,105.0,0,0.0,0.0,0.0,0.0
106,106,106.0,0,0.0,0.0,1.0,0.0
107,107,107.0,0,0.0,0.0,1.0,0.0
108,108,108.0,0,0.0,0.0,1.0,0.0
109,109,109.0,0,0.0,0.0,1.0,0.0
110,110,110.0,2,0.0083333333333333,1.0,1.0,1.0
111,111,111.0,4,0.0166666666666666,0.0,1.0,0.0
112,112,112.0,0,0.0,1.0,2.0,0.5
113,113,113.0,0,0.0,0.0,2.0,0.0
114,114,114.0,0,0.0,0.0,0.0,0.0
115,115,115.0,0,0.0,0.0,0.0,0.0
116,116,116.0,0,0.0,0.0,0.0,0.0
117,117,117.0,0,0.0,0.0,0.0,0.0
118,118,118.0,0,0.0,1.0,1.0,1.0
119,119,119.0,0,0.0,0.0,1.0,0.0
120,120,120.0,0,0.0,0.0,0.0,0.0
121,121,121.0,0,0.0,0.0,0.0,0.0
122,122,122.0,0,0.0,0.0,2.0,0.0
123,123,123.0,1,0.0067567567567567,1.0,2.0,0.5
124,124,124.0,0,0.0,0.0,1.0,0.0
125,125,125.0,0,0.0,0.0,1.0,0.0
126,126,126.0,0,0.0,0.0,3.0,0.0
127,127,127.0,0,0.0,0.0,3.0,0.0
128,128,128.0,0,0.0,0.0,1.0,0.0
129,129,129.0,0,0.0,0.0,1.0,0.0
130,130,130.0,0,0.0,0.0,1.0,0.0
131,131,131.0,0,0.0,0.0,1.0,0.0
132,132,132.0,5,0.0757575757575757,0.0,1.0,0.0
133,133,133.0,6,0.0909090909090909,0.0,1.0,0.0
134,134,134.0,0,0.0,0.0,1.0,0.0
135,135,135.0,0,0.0,0.0,1.0,0.0
136,136,136.0,0,0.0,0.0,1.0,0.0
137,137,137.0,0,0.0,0.0,1.0,0.0
138,138,138.0,22,0.3492063492063492,0.0,1.0,0.0
139,139,139.0,18,0.2857142857142857,0.0,1.0,0.0
140,140,140.0,0,0.0,0.0,1.0,0.0
141,141,141.0,0,0.0,0.0,1.0,0.0
142,142,142.0,0,0.0,0.0,1.0,0.0
143,143,143.0,0,0.0,1.0,1.0,1.0
144,144,144.0,0,0.0,0.0,1.0,0.0
145,145,145.0,0,0.0,0.0,1.0,0.0
146,146,146.0,0,0.0,0.0,1.0,0.0
147,147,147.0,0,0.0,0.0,1.0,0.0
148,148,148.0,1,0.0086206896551724,1.0,2.0,0.5
149,149,149.0,1,0.0086206896551724,1.0,2.0,0.5
150,150,150.0,0,0.0,1.0,1.0,1.0
151,151,151.0,0,0.0,0.0,1.0,0.0
152,152,152.0,0,0.0,0.0,1.0,0.0
153,153,153.0,0,0.0,0.0,1.0,0.0
154,154,154.0,0,0.0,0.0,1.0,0.0
155,155,155.0,0,0.0,0.0,1.0,0.0
156,156,156.0,0,0.0,1.0,3.0,0.3333333333333333
157,157,157.0,0,0.0,1.0,3.0,0.3333333333333333
158,158,158.0,0,0.0,1.0,2.0,0.5
159,159,159.0,0,0.0,1.0,2.0,0.5
160,160,160.0,0,0.0,0.0,1.0,0.0
161,161,161.0,0,0.0,1.0,1.0,1.0
162,162,162.0,0,0.0,0.0,1.0,0.0
163,163,163.0,0,0.0,0.0,1.0,0.0
164,164,164.0,0,0.0,0.0,1.0,0.0
165,165,165.0,0,0.0,0.0,1.0,0.0
166,166,166.0,0,0.0,0.0,2.0,0.0
167,167,167.0,0,0.0,1.0,2.0,0.5
168,168,168.0,1,0.0119047619047619,0.0,1.0,0.0
169,169,169.0,0,0.0,1.0,2.0,0.5
170,170,170.0,0,0.0,0.0,1.0,0.0
171,171,171.0,0,0.0,0.0,1.0,0.0
172,172,172.0,0,0.0,0.0,1.0,0.0
173,173,173.0,0,0.0,0.0,1.0,0.0
174,174,174.0,0,0.0,1.0,1.0,1.0
175,175,175.0,0,0.0,0.0,1.0,0.0
176,176,176.0,0,0.0,0.0,0.0,0.0
177,177,177.0,0,0.0,0.0,0.0,0.0
178,178,178.0,0,0.0,0.0,1.0,0.0
179,179,179.0,0,0.0,1.0,1.0,1.0
180,180,180.0,0,0.0,0.0,0.0,0.0
181,181,181.0,0,0.0,0.0,0.0,0.0
182,182,182.0,0,0.0,1.0,3.0,0.3333333333333333
183,183,183.0,0,0.0,1.0,3.0,0.3333333333333333
184,184,184.0,0,0.0,0.0,0.0,0.0
185,185,185.0,0,0.0,0.0,0.0,0.0
186,186,186.0,0,0.0,1.0,2.0,0.5
187,187,187.0,0,0.0,1.0,2.0,0.5
188,188,188.0,0,0.0,0.0,0.0,0.0
189,189,189.0,0,0.0,0.0,0.0,0.0
190,190,190.0,0,0.0,0.0,0.0,0.0
191,191,191.0,0,0.0,0.0,0.0,0.0
192,192,192.0,0,0.0,0.0,0.0,0.0
193,193,193.0,0,0.0,0.0,0.0,0.0
194,194,194.0,0,0.0,0.0,0.0,0.0
195,195,195.0,0,0.0,0.0,0.0,0.0
196,196,196.0,0,0.0,0.0,1.0,0.0
197,197,197.0,0,0.0,0.0,1.0,0.0
198,198,198.0,0,0.0,1.0,1.0,1.0
199,199,199.0,0,0.0,0.0,1.0,0.0
200,200,200.0,0,0.0,0.0,0.0,0.0
201,201,201.0,0,0.0,0.0,0.0,0.0
202,202,202.0,0,0.0,0.0,0.0,0.0
203,203,203.0,0,0.0,0.0,0.0,0.0
204,204,204.0,0,0.0,0.0,0.0,0.0
205,205,205.0,0,0.0,0.0,0.0,0.0
206,206,206.0,0,0.0,1.0,2.0,0.5
207,207,207.0,0,0.0,1.0,1.0,1.0
208,208,208.0,0,0.0,1.0,1.0,1.0
209,209,209.0,0,0.0,1.0,1.0,1.0
210,210,210.0,0,0.0,0.0,0.0,0.0
211,211,211.0,0,0.0,0.0,0.0,0.0
212,212,212.0,0,0.0,0.0,0.0,0.0
213,213,213.0,0,0.0,0.0,0.0,0.0
214,214,214.0,0,0.0,0.0,0.0,0.0
215,215,215.0,0,0.0,0.0,0.0,0.0
216,216,216.0,0,0.0,0.0,0.0,0.0
217,217,217.0,0,0.0,0.0,0.0,0.0
218,218,218.0,0,0.0,1.0,1.0,1.0
219,219,219.0,0,0.0,1.0,1.0,1.0
220,220,220.0,0,0.0,0.0,0.0,0.0
221,221,221.0,0,0.0,0.0,0.0,0.0
222,222,222.0,0,0.0,0.0,1.0,0.0
223,223,223.0,0,0.0,0.0,1.0,0.0
224,224,224.0,0,0.0,0.0,1.0,0.0
225,225,225.0,0,0.0,0.0,1.0,0.0
226,226,226.0,1,0.0074074074074074,0.0,1.0,0.0
227,227,227.0,2,0.0148148148148148,0.0,1.0,0.0
228,228,228.0,0,0.0,1.0,2.0,0.5
229,229,229.0,0,0.0,1.0,2.0,0.5
230,230,230.0,0,0.0,0.0,0.0,0.0
231,231,231.0,0,0.0,0.0,0.0,0.0
232,232,232.0,0,0.0,0.0,0.0,0.0
233,233,233.0,0,0.0,0.0,0.0,0.0
234,234,234.0,0,0.0,0.0,1.0,0.0
235,235,235.0,0,0.0,1.0,1.0,1.0
236,236,236.0,0,0.0,0.0,0.0,0.0
237,237,237.0,0,0.0,0.0,0.0,0.0
238,238,238.0,0,0.0,0.0,1.0,0.0
239,239,239.0,0,0.0,1.0,1.0,1.0
240,240,240.0,0,0.0,1.0,1.0,1.0
241,241,241.0,0,0.0,0.0,1.0,0.0
242,242,242.0,0,0.0,1.0,2.0,0.5
243,243,243.0,0,0.0,1.0,2.0,0.5
244,244,244.0,0,0.0,0.0,1.0,0.0
245,245,245.0,0,0.0,1.0,2.0,0.5
246,246,246.0,0,0.0,0.0,0.0,0.0
247,247,247.0,0,0.0,0.0,0.0,0.0
248,248,248.0,0,0.0,0.0,1.0,0.0
249,249,249.0,0,0.0,0.0,1.0,0.0
250,250,250.0,0,0.0,0.0,0.0,0.0
251,251,251.0,0,0.0,0.0,0.0,0.0
252,252,252.0,0,0.0,0.0,0.0,0.0
253,253,253.0,0,0.0,0.0,0.0,0.0
254,254,254.0,0,0.0,0.0,0.0,0.0
255,255,255.0,0,0.0,0.0,0.0,0.0
256,256,256.0,0,0.0,0.0,0.0,0.0
257,257,257.0,0,0.0,0.0,0.0,0.0
258,258,258.0,0,0.0,0.0,0.0,0.0
259,259,259.0,0,0.0,0.0,0.0,0.0
260,260,260.0,0,0.0,0.0,0.0,0.0
261,261,261.0,0,0.0,0.0,0.0,0.0
262,262,262.0,0,0.0,0.0,0.0,0.0
263,263,263.0,0,0.0,0.0,0.0,0.0
264,264,264.0,0,0.0,0.0,0.0,0.0
265,265,265.0,0,0.0,0.0,0.0,0.0
266,266,266.0,0,0.0,0.0,0.0,0.0
267,267,267.0,0,0.0,0.0,0.0,0.0
268,268,268.0,0,0.0,1.0,2.0,0.5
269,269,269.0,0,0.0,1.0,2.0,0.5
270,270,270.0,0,0.0,0.0,1.0,0.0
271,271,271.0,0,0.0,0.0,1.0,0.0
272,272,272.0,0,0.0,0.0,1.0,0.0
273,273,273.0,0,0.0,0.0,1.0,0.0
274,274,274.0,0,0.0,0.0,0.0,0.0
275,275,275.0,0,0.0,0.0,0.0,0.0
276,276,276.0,0,0.0,1.0,2.0,0.5
277,277,277.0,0,0.0,1.0,2.0,0.5
278,278,278.0,0,0.0,1.0,1.0,1.0
279,279,279.0,0,0.0,1.0,1.0,1.0
280,280,280.0,0,0.0,0.0,1.0,0.0
281,281,281.0,0,0.0,0.0,1.0,0.0
282,282,282.0,0,0.0,1.0,2.0,0.5
283,283,283.0,0,0.0,0.0,2.0,0.0
284,284,284.0,0,0.0,0.0,0.0,0.0
285,285,285.0,0,0.0,1.0,1.0,1.0
286,286,286.0,0,0.0,0.0,0.0,0.0
287,287,287.0,0,0.0,0.0,0.0,0.0
288,288,288.0,0,0.0,1.0,2.0,0.5
289,289,289.0,0,0.0,1.0,2.0,0.5
290,290,290.0,0,0.0,0.0,0.0,0.0
291,291,291.0,0,0.0,0.0,0.0,0.0
292,292,292.0,0,0.0,1.0,1.0,1.0
293,293,293.0,0,0.0,1.0,1.0,1.0
294,294,294.0,0,0.0,0.0,0.0,0.0
295,295,295.0,0,0.0,0.0,0.0,0.0
296,296,296.0,0,0.0,0.0,0.0,0.0
297,297,297.0,0,0.0,0.0,0.0,0.0
298,298,298.0,0,0.0,0.0,0.0,0.0
299,299,299.0,0,0.0,0.0,0.0,0.0
300,300,300.0,0,0.0,1.0,1.0,1.0
301,301,301.0,0,0.0,0.0,0.0,0.0
302,302,302.0,0,0.0,1.0,2.0,0.5
303,303,303.0,0,0.0,1.0,1.0,1.0
304,304,304.0,0,0.0,1.0,1.0,1.0
305,305,305.0,0,0.0,0.0,0.0,0.0
306,306,306.0,0,0.0,1.0,1.0,1.0
307,307,307.0,0,0.0,1.0,1.0,1.0
308,308,308.0,0,0.0,0.0,0.0,0.0
309,309,309.0,0,0.0,0.0,0.0,0.0
310,310,310.0,0,0.0,0.0,0.0,0.0
311,311,311.0,0,0.0,0.0,0.0,0.0
312,312,312.0,0,0.0,0.0,0.0,0.0
313,313,313.0,0,0.0,0.0,0.0,0.0
314,314,314.0,0,0.0,0.0,0.0,0.0
315,315,315.0,0,0.0,0.0,0.0,0.0
316,316,316.0,0,0.0,0.0,0.0,0.0
317,317,317.0,0,0.0,0.0,0.0,0.0
318,318,318.0,0,0.0,0.0,0.0,0.0
319,319,319.0,0,0.0,0.0,0.0,0.0
320,320,320.0,0,0.0,0.0,0.0,0.0
321,321,321.0,0,0.0,0.0,0.0,0.0
322,322,322.0,0,0.0,1.0,1.0,1.0
323,323,323.0,0,0.0,1.0,1.0,1.0
324,324,324.0,0,0.0,0.0,0.0,0.0
325,325,325.0,0,0.0,0.0,0.0,0.0
326,326,326.0,0,0.0,0.0,0.0,0.0
327,327,327.0,0,0.0,0.0,0.0,0.0
328,328,328.0,0,0.0,0.0,0.0,0.0
329,329,329.0,0,0.0,0.0,0.0,0.0
330,330,330.0,0,0.0,0.0,0.0,0.0
331,331,331.0,0,0.0,0.0,0.0,0.0
332,332,332.0,0,0.0,0.0,0.0,0.0
333,333,333.0,0,0.0,0.0,0.0,0.0
334,334,334.0,0,0.0,0.0,0.0,0.0
335,335,335.0,0,0.0,0.0,0.0,0.0
336,336,336.0,0,0.0,0.0,0.0,0.0
337,337,337.0,0,0.0,0.0,0.0,0.0
338,338,338.0,0,0.0,1.0,1.0,1.0
339,339,339.0,1,0.032258064516129,0.0,0.0,0.0
340,340,340.0,0,0.0,1.0,1.0,1.0
341,341,341.0,0,0.0,1.0,1.0,1.0
342,342,342.0,0,0.0,0.0,0.0,0.0
343,343,343.0,0,0.0,0.0,0.0,0.0
344,344,344.0,0,0.0,0.0,0.0,0.0
345,345,345.0,0,0.0,0.0,0.0,0.0
346,346,346.0,0,0.0,0.0,0.0,0.0
347,347,347.0,0,0.0,0.0,0.0,0.0
348,348,348.0,0,0.0,0.0,0.0,0.0
349,349,349.0,0,0.0,0.0,0.0,0.0
350,350,350.0,0,0.0,0.0,0.0,0.0
351,351,351.0,0,0.0,0.0,0.0,0.0
352,352,352.0,0,0.0,0.0,0.0,0.0
353,353,353.0,0,0.0,0.0,0.0,0.0
354,354,354.0,0,0.0,0.0,0.0,0.0
355,355,355.0,0,0.0,0.0,0.0,0.0
356,356,356.0,0,0.0,0.0,0.0,0.0
357,357,357.0,0,0.0,0.0,0.0,0.0
358,358,358.0,0,0.0,0.0,0.0,0.0
359,359,359.0,0,0.0,0.0,0.0,0.0
360,360,360.0,0,0.0,0.0,0.0,0.0
361,361,361.0,0,0.0,0.0,0.0,0.0
362,362,362.0,0,0.0,0.0,0.0,0.0
363,363,363.0,0,0.0,0.0,0.0,0.0
364,364,364.0,0,0.0,0.0,0.0,0.0
365,365,365.0,0,0.0,1.0,1.0,1.0
366,366,366.0,0,0.0,0.0,0.0,0.0
367,367,367.0,0,0.0,0.0,0.0,0.0
368,368,368.0,0,0.0,0.0,0.0,0.0
369,369,369.0,0,0.0,0.0,0.0,0.0
370,370,370.0,0,0.0,1.0,1.0,1.0
371,371,371.0,0,0.0,1.0,1.0,1.0
372,372,372.0,0,0.0,1.0,1.0,1.0
373,373,373.0,0,0.0,1.0,1.0,1.0
374,374,374.0,0,0.0,1.0,1.0,1.0
375,375,375.0,0,0.0,1.0,1.0,1.0
376,376,376.0,2,0.0317460317460317,1.0,1.0,1.0
377,377,377.0,0,0.0,1.0,1.0,1.0
378,378,378.0,0,0.0,1.0,1.0,1.0
379,379,379.0,1,0.0147058823529411,1.0,1.0,1.0
380,380,380.0,1,0.0119047619047619,1.0,1.0,1.0
381,381,381.0,2,0.0238095238095238,1.0,1.0,1.0
382,382,382.0,1,0.0119047619047619,1.0,1.0,1.0
383,383,383.0,1,0.0119047619047619,1.0,1.0,1.0
384,384,384.0,2,0.0210526315789473,1.0,1.0,1.0
385,385,385.0,1,0.0105263157894736,1.0,1.0,1.0
386,386,386.0,1,0.0079365079365079,1.0,1.0,1.0
387,387,387.0,1,0.0079365079365079,1.0,1.0,1.0
388,388,388.0,2,0.0153846153846153,1.0,1.0,1.0
389,389,389.0,1,0.0076923076923076,1.0,1.0,1.0
390,390,390.0,1,0.008,1.0,1.0,1.0
391,391,391.0,1,0.008,1.0,1.0,1.0
392,392,392.0,2,0.016,1.0,1.0,1.0
393,393,393.0,2,0.016,1.0,1.0,1.0
394,394,394.0,2,0.0158730158730158,1.0,1.0,1.0
395,395,395.0,1,0.0079365079365079,1.0,1.0,1.0
396,396,396.0,1,0.0078740157480314,1.0,1.0,1.0
397,397,397.0,0,0.0,1.0,1.0,1.0
398,398,398.0,0,0.0,1.0,1.0,1.0
399,399,399.0,0,0.0,1.0,1.0,1.0
400,400,400.0,1,0.0082644628099173,1.0,1.0,1.0
401,401,401.0,1,0.0082644628099173,1.0,1.0,1.0
402,402,402.0,0,0.0,1.0,1.0,1.0
403,403,403.0,0,0.0,1.0,1.0,1.0
404,404,404.0,0,0.0,1.0,1.0,1.0
405,405,405.0,0,0.0,1.0,1.0,1.0
406,406,406.0,0,0.0,1.0,1.0,1.0
407,407,407.0,0,0.0,1.0,1.0,1.0
408,408,408.0,0,0.0,1.0,1.0,1.0
409,409,409.0,0,0.0,1.0,1.0,1.0
410,410,410.0,0,0.0,1.0,1.0,1.0
411,411,411.0,0,0.0,1.0,1.0,1.0
412,412,412.0,1,0.0077519379844961,1.0,1.0,1.0
413,413,413.0,1,0.0077519379844961,1.0,1.0,1.0
414,414,414.0,0,0.0,1.0,1.0,1.0
415,415,415.0,0,0.0,1.0,1.0,1.0
416,416,416.0,0,0.0,1.0,1.0,1.0
417,417,417.0,0,0.0,1.0,1.0,1.0
418,418,418.0,0,0.0,1.0,1.0,1.0
419,419,419.0,1,0.0081967213114754,1.0,1.0,1.0
420,420,420.0,1,0.008130081300813,1.0,1.0,1.0
421,421,421.0,1,0.008130081300813,1.0,1.0,1.0
422,422,422.0,1,0.0040983606557377,1.0,2.0,0.5
423,423,423.0,0,0.0,1.0,2.0,0.5
424,424,424.0,0,0.0,1.0,1.0,1.0
425,425,425.0,1,0.008130081300813,1.0,1.0,1.0
426,426,426.0,0,0.0,1.0,1.0,1.0
427,427,427.0,0,0.0,1.0,1.0,1.0
428,428,428.0,0,0.0,1.0,1.0,1.0
429,429,429.0,0,0.0,1.0,1.0,1.0
430,430,430.0,1,0.0084745762711864,1.0,1.0,1.0
431,431,431.0,1,0.0084745762711864,1.0,1.0,1.0
432,432,432.0,1,0.0078740157480314,1.0,1.0,1.0
433,433,433.0,1,0.0078740157480314,1.0,1.0,1.0
434,434,434.0,0,0.0,1.0,1.0,1.0
435,435,435.0,0,0.0,1.0,1.0,1.0
436,436,436.0,1,0.0076923076923076,1.0,1.0,1.0
437,437,437.0,1,0.0076923076923076,1.0,1.0,1.0
438,438,438.0,0,0.0,1.0,1.0,1.0
439,439,439.0,0,0.0,1.0,1.0,1.0
440,440,440.0,1,0.0075187969924812,1.0,1.0,1.0
441,441,441.0,1,0.0075187969924812,1.0,1.0,1.0
442,442,442.0,2,0.0142857142857142,1.0,1.0,1.0
443,443,443.0,2,0.0142857142857142,1.0,1.0,1.0
444,444,444.0,0,0.0,1.0,1.0,1.0
445,445,445.0,1,0.0072992700729927,1.0,1.0,1.0
446,446,446.0,0,0.0,1.0,1.0,1.0
447,447,447.0,0,0.0,1.0,1.0,1.0
448,448,448.0,0,0.0,1.0,1.0,1.0
449,449,449.0,1,0.0072992700729927,1.0,1.0,1.0
450,450,450.0,0,0.0,0.0,0.0,0.0
451,451,451.0,0,0.0,0.0,0.0,0.0
452,452,452.0,0,0.0,0.0,0.0,0.0
453,453,453.0,0,0.0,0.0,0.0,0.0
454,454,454.0,0,0.0,0.0,0.0,0.0
455,455,455.0,0,0.0,0.0,0.0,0.0
456,456,456.0,0,0.0,0.0,0.0,0.0
457,457,457.0,0,0.0,0.0,0.0,0.0
458,458,458.0,0,0.0,0.0,0.0,0.0
459,459,459.0,0,0.0,0.0,0.0,0.0
460,460,460.0,0,0.0,0.0,0.0,0.0
461,461,461.0,0,0.0,0.0,0.0,0.0
462,462,462.0,0,0.0,0.0,0.0,0.0
463,463,463.0,0,0.0,0.0,0.0,0.0
464,464,464.0,0,0.0,0.0,0.0,0.0
465,465,465.0,0,0.0,0.0,0.0,0.0
466,466,466.0,0,0.0,0.0,0.0,0.0
467,467,467.0,0,0.0,0.0,0.0,0.0
468,468,468.0,0,0.0,0.0,0.0,0.0
469,469,469.0,0,0.0,0.0,0.0,0.0
470,470,470.0,0,0.0,0.0,0.0,0.0
471,471,471.0,0,0.0,0.0,0.0,0.0
472,472,472.0,0,0.0,0.0,0.0,0.0
473,473,473.0,0,0.0,0.0,0.0,0.0
474,474,474.0,0,0.0,0.0,0.0,0.0
475,475,475.0,0,0.0,0.0,0.0,0.0
476,476,476.0,0,0.0,0.0,0.0,0.0
477,477,477.0,0,0.0,0.0,0.0,0.0
478,478,478.0,0,0.0,0.0,0.0,0.0
479,479,479.0,0,0.0,0.0,0.0,0.0
480,480,480.0,1,0.0061728395061728,0.0,0.0,0.0
481,481,481.0,0,0.0,1.0,1.0,1.0
482,482,482.0,1,0.0062893081761006,1.0,1.0,1.0
483,483,483.0,1,0.0062893081761006,1.0,1.0,1.0
484,484,484.0,1,0.0061728395061728,1.0,1.0,1.0
485,485,485.0,1,0.0061728395061728,1.0,1.0,1.0
486,486,486.0,0,0.0,1.0,1.0,1.0
487,487,487.0,2,0.0124223602484472,1.0,1.0,1.0
488,488,488.0,2,0.0124223602484472,1.0,1.0,1.0
489,489,489.0,1,0.0062111801242236,1.0,1.0,1.0
490,490,490.0,1,0.0060240963855421,1.0,1.0,1.0
491,491,491.0,1,0.0060240963855421,1.0,1.0,1.0
492,492,492.0,0,0.0,1.0,1.0,1.0
493,493,493.0,1,0.005813953488372,1.0,1.0,1.0
494,494,494.0,1,0.0056497175141242,1.0,1.0,1.0
495,495,495.0,3,0.0169491525423728,1.0,1.0,1.0
496,496,496.0,1,0.0056497175141242,1.0,1.0,1.0
497,497,497.0,2,0.0112994350282485,1.0,1.0,1.0
498,498,498.0,2,0.0112359550561797,1.0,1.0,1.0
499,499,499.0,4,0.0224719101123595,1.0,1.0,1.0
500,500,500.0,1,0.0055555555555555,1.0,1.0,1.0
501,501,501.0,3,0.0166666666666666,1.0,1.0,1.0
502,502,502.0,4,0.0219780219780219,1.0,1.0,1.0
503,503,503.0,2,0.0109890109890109,1.0,1.0,1.0
504,504,504.0,4,0.0222222222222222,1.0,1.0,1.0
505,505,505.0,4,0.0222222222222222,1.0,1.0,1.0
506,506,506.0,2,0.0112994350282485,1.0,1.0,1.0
507,507,507.0,6,0.0338983050847457,1.0,1.0,1.0
508,508,508.0,1,0.0056179775280898,1.0,1.0,1.0
509,509,509.0,2,0.0112359550561797,1.0,1.0,1.0
510,510,510.0,4,0.0218579234972677,1.0,1.0,1.0
511,511,511.0,6,0.0327868852459016,1.0,1.0,1.0
512,512,512.0,2,0.0109890109890109,1.0,1.0,1.0
513,513,513.0,1,0.0054945054945054,1.0,1.0,1.0
514,514,514.0,8,0.0217391304347826,1.0,2.0,0.5
515,515,515.0,7,0.0190217391304347,1.0,2.0,0.5
516,516,516.0,1,0.0054945054945054,1.0,1.0,1.0
517,517,517.0,3,0.0164835164835164,1.0,1.0,1.0
518,518,518.0,2,0.0108108108108108,1.0,1.0,1.0
519,519,519.0,4,0.0216216216216216,1.0,1.0,1.0
520,520,520.0,2,0.0108108108108108,1.0,1.0,1.0
521,521,521.0,3,0.0162162162162162,1.0,1.0,1.0
522,522,522.0,4,0.010752688172043,1.0,2.0,0.5
523,523,523.0,3,0.0080645161290322,1.0,2.0,0.5
524,524,524.0,4,0.0217391304347826,1.0,1.0,1.0
525,525,525.0,0,0.0,1.0,1.0,1.0
526,526,526.0,4,0.021505376344086,1.0,1.0,1.0
527,527,527.0,5,0.0268817204301075,1.0,1.0,1.0
528,528,528.0,2,0.0112994350282485,1.0,1.0,1.0
529,529,529.0,0,0.0,1.0,1.0,1.0
530,530,530.0,2,0.0113636363636363,1.0,1.0,1.0
531,531,531.0,6,0.034090909090909,1.0,1.0,1.0
532,532,532.0,2,0.0121212121212121,1.0,1.0,1.0
533,533,533.0,1,0.006060606060606,1.0,1.0,1.0
534,534,534.0,3,0.0175438596491228,1.0,1.0,1.0
535,535,535.0,3,0.0175438596491228,1.0,1.0,1.0
536,536,536.0,2,0.0115606936416184,1.0,1.0,1.0
537,537,537.0,1,0.0057803468208092,1.0,1.0,1.0
538,538,538.0,2,0.0119760479041916,1.0,1.0,1.0
539,539,539.0,1,0.0059880239520958,1.0,1.0,1.0
540,540,540.0,0,0.0,1.0,1.0,1.0
541,541,541.0,1,0.0060975609756097,1.0,1.0,1.0
542,542,542.0,4,0.0242424242424242,1.0,1.0,1.0
543,543,543.0,3,0.0181818181818181,1.0,1.0,1.0
544,544,544.0,2,0.0121212121212121,1.0,1.0,1.0
545,545,545.0,0,0.0,1.0,1.0,1.0
546,546,546.0,3,0.01875,1.0,1.0,1.0
547,547,547.0,2,0.0125,1.0,1.0,1.0
548,548,548.0,3,0.0189873417721519,1.0,1.0,1.0
549,549,549.0,6,0.0379746835443038,1.0,1.0,1.0
550,550,550.0,4,0.0253164556962025,1.0,1.0,1.0
551,551,551.0,3,0.0189873417721519,1.0,1.0,1.0
552,552,552.0,2,0.0128205128205128,1.0,1.0,1.0
553,553,553.0,2,0.0128205128205128,1.0,1.0,1.0
554,554,554.0,2,0.0125786163522012,1.0,1.0,1.0
555,555,555.0,0,0.0,1.0,1.0,1.0
556,556,556.0,1,0.0059880239520958,1.0,1.0,1.0
557,557,557.0,2,0.0119760479041916,1.0,1.0,1.0
558,558,558.0,2,0.0059523809523809,1.0,2.0,0.5
559,559,559.0,6,0.0178571428571428,1.0,2.0,0.5
560,560,560.0,2,0.0114942528735632,1.0,1.0,1.0
561,561,561.0,2,0.0114942528735632,1.0,1.0,1.0
562,562,562.0,2,0.0109289617486338,1.0,1.0,1.0
563,563,563.0,2,0.0109289617486338,1.0,1.0,1.0
564,564,564.0,1,0.0054347826086956,1.0,1.0,1.0
565,565,565.0,1,0.0054347826086956,1.0,1.0,1.0
566,566,566.0,1,0.0054347826086956,1.0,1.0,1.0
567,567,567.0,1,0.0054347826086956,1.0,1.0,1.0
568,568,568.0,2,0.0109890109890109,1.0,1.0,1.0
569,569,569.0,2,0.0109890109890109,1.0,1.0,1.0
570,570,570.0,0,0.0,1.0,1.0,1.0
571,571,571.0,1,0.0054644808743169,1.0,1.0,1.0
572,572,572.0,1,0.0054054054054054,1.0,1.0,1.0
573,573,573.0,3,0.0162162162162162,1.0,1.0,1.0
574,574,574.0,5,0.0089126559714795,1.0,3.0,0.3333333333333333
575,575,575.0,7,0.0124777183600713,1.0,3.0,0.3333333333333333
576,576,576.0,3,0.0081081081081081,1.0,2.0,0.5
577,577,577.0,5,0.0135135135135135,1.0,2.0,0.5
578,578,578.0,2,0.0108108108108108,1.0,1.0,1.0
579,579,579.0,3,0.0162162162162162,1.0,1.0,1.0
580,580,580.0,0,0.0,1.0,1.0,1.0
581,581,581.0,0,0.0,1.0,1.0,1.0
582,582,582.0,3,0.0166666666666666,1.0,1.0,1.0
583,583,583.0,1,0.0055555555555555,1.0,1.0,1.0
584,584,584.0,2,0.011049723756906,1.0,1.0,1.0
585,585,585.0,2,0.011049723756906,1.0,1.0,1.0
586,586,586.0,2,0.005524861878453,1.0,2.0,0.5
587,587,587.0,5,0.0138121546961325,1.0,2.0,0.5
588,588,588.0,1,0.0052631578947368,1.0,1.0,1.0
589,589,589.0,3,0.0157894736842105,1.0,1.0,1.0
590,590,590.0,1,0.0051546391752577,1.0,1.0,1.0
591,591,591.0,2,0.0103092783505154,1.0,1.0,1.0
592,592,592.0,1,0.005181347150259,1.0,1.0,1.0
593,593,593.0,3,0.0155440414507772,1.0,1.0,1.0
594,594,594.0,3,0.015625,1.0,1.0,1.0
595,595,595.0,2,0.0104166666666666,1.0,1.0,1.0
596,596,596.0,3,0.0155440414507772,1.0,1.0,1.0
597,597,597.0,0,0.0,1.0,1.0,1.0
598,598,598.0,1,0.0025773195876288,1.0,2.0,0.5
599,599,599.0,3,0.0077319587628865,1.0,2.0,0.5
600,600,600.0,1,0.0052631578947368,1.0,1.0,1.0
601,601,601.0,0,0.0,1.0,1.0,1.0
602,602,602.0,0,0.0,1.0,1.0,1.0
603,603,603.0,0,0.0,1.0,1.0,1.0
604,604,604.0,1,0.0056497175141242,1.0,1.0,1.0
605,605,605.0,3,0.0169491525423728,1.0,1.0,1.0
606,606,606.0,0,0.0,1.0,1.0,1.0
607,607,607.0,1,0.0057142857142857,1.0,1.0,1.0
608,608,608.0,1,0.0056818181818181,1.0,1.0,1.0
609,609,609.0,1,0.0056818181818181,1.0,1.0,1.0
610,610,610.0,1,0.0057142857142857,1.0,1.0,1.0
611,611,611.0,1,0.0057142857142857,1.0,1.0,1.0
612,612,612.0,2,0.0122699386503067,1.0,1.0,1.0
613,613,613.0,3,0.0184049079754601,1.0,1.0,1.0
614,614,614.0,0,0.0,1.0,1.0,1.0
615,615,615.0,2,0.0124223602484472,1.0,1.0,1.0
616,616,616.0,1,0.0062893081761006,1.0,1.0,1.0
617,617,617.0,2,0.0125786163522012,1.0,1.0,1.0
618,618,618.0,1,0.00625,1.0,1.0,1.0
619,619,619.0,2,0.0125,1.0,1.0,1.0
620,620,620.0,1,0.0062111801242236,1.0,1.0,1.0
621,621,621.0,2,0.0124223602484472,1.0,1.0,1.0
622,622,622.0,1,0.003030303030303,1.0,1.0,1.0
623,623,623.0,1,0.003030303030303,1.0,1.0,1.0
624,624,624.0,0,0.0,0.0,0.0,0.0
625,625,625.0,0,0.0,0.0,0.0,0.0
626,626,626.0,0,0.0,0.0,0.0,0.0
627,627,627.0,0,0.0,0.0,0.0,0.0
628,628,628.0,1,0.003012048192771,1.0,1.0,1.0
629,629,629.0,1,0.003012048192771,1.0,1.0,1.0
630,630,630.0,1,0.0061349693251533,1.0,1.0,1.0
631,631,631.0,0,0.0,1.0,1.0,1.0
632,632,632.0,0,0.0,1.0,1.0,1.0
633,633,633.0,0,0.0,1.0,1.0,1.0
634,634,634.0,1,0.006060606060606,1.0,1.0,1.0
635,635,635.0,1,0.006060606060606,1.0,1.0,1.0
636,636,636.0,1,0.006060606060606,1.0,1.0,1.0
637,637,637.0,3,0.0181818181818181,1.0,1.0,1.0
638,638,638.0,1,0.0060240963855421,1.0,1.0,1.0
639,639,639.0,1,0.0060240963855421,1.0,1.0,1.0
640,640,640.0,0,0.0,1.0,1.0,1.0
641,641,641.0,0,0.0,1.0,1.0,1.0
642,642,642.0,4,0.0223463687150838,1.0,1.0,1.0
643,643,643.0,1,0.0055865921787709,1.0,1.0,1.0
644,644,644.0,0,0.0,1.0,1.0,1.0
645,645,645.0,2,0.0111731843575419,1.0,1.0,1.0
646,646,646.0,0,0.0,1.0,1.0,1.0
647,647,647.0,2,0.0112994350282485,1.0,1.0,1.0
648,648,648.0,3,0.0165745856353591,1.0,1.0,1.0
649,649,649.0,6,0.0331491712707182,1.0,1.0,1.0
650,650,650.0,2,0.0112359550561797,1.0,1.0,1.0
651,651,651.0,5,0.0280898876404494,1.0,1.0,1.0
652,652,652.0,0,0.0,1.0,1.0,1.0
653,653,653.0,1,0.0056497175141242,1.0,1.0,1.0
654,654,654.0,0,0.0,1.0,1.0,1.0
655,655,655.0,1,0.0056179775280898,1.0,1.0,1.0
656,656,656.0,3,0.0165745856353591,1.0,1.0,1.0
657,657,657.0,2,0.011049723756906,1.0,1.0,1.0
658,658,658.0,3,0.0160427807486631,1.0,1.0,1.0
659,659,659.0,3,0.0160427807486631,1.0,1.0,1.0
660,660,660.0,2,0.010752688172043,1.0,1.0,1.0
661,661,661.0,3,0.0161290322580645,1.0,1.0,1.0
662,662,662.0,1,0.0054054054054054,1.0,1.0,1.0
663,663,663.0,3,0.0162162162162162,1.0,1.0,1.0
664,664,664.0,1,0.0053191489361702,1.0,1.0,1.0
665,665,665.0,3,0.0159574468085106,1.0,1.0,1.0
666,666,666.0,2,0.010752688172043,1.0,1.0,1.0
667,667,667.0,2,0.010752688172043,1.0,1.0,1.0
668,668,668.0,2,0.0108108108108108,1.0,1.0,1.0
669,669,669.0,4,0.0216216216216216,1.0,1.0,1.0
670,670,670.0,4,0.021505376344086,1.0,1.0,1.0
671,671,671.0,2,0.010752688172043,1.0,1.0,1.0
672,672,672.0,2,0.0109289617486338,1.0,1.0,1.0
673,673,673.0,4,0.0218579234972677,1.0,1.0,1.0
674,674,674.0,2,0.011049723756906,1.0,1.0,1.0
675,675,675.0,3,0.0165745856353591,1.0,1.0,1.0
676,676,676.0,4,0.0218579234972677,1.0,1.0,1.0
677,677,677.0,2,0.0109289617486338,1.0,1.0,1.0
678,678,678.0,3,0.015625,1.0,1.0,1.0
679,679,679.0,3,0.015625,1.0,1.0,1.0
680,680,680.0,4,0.0201005025125628,1.0,1.0,1.0
681,681,681.0,2,0.0100502512562814,1.0,1.0,1.0
682,682,682.0,2,0.0101010101010101,1.0,1.0,1.0
683,683,683.0,3,0.0151515151515151,1.0,1.0,1.0
684,684,684.0,3,0.0153061224489795,1.0,1.0,1.0
685,685,685.0,3,0.0153061224489795,1.0,1.0,1.0
686,686,686.0,4,0.0201005025125628,1.0,1.0,1.0
687,687,687.0,3,0.0150753768844221,1.0,1.0,1.0
688,688,688.0,4,0.0189573459715639,1.0,1.0,1.0
689,689,689.0,7,0.0331753554502369,1.0,1.0,1.0
690,690,690.0,3,0.0144927536231884,1.0,1.0,1.0
691,691,691.0,4,0.0193236714975845,1.0,1.0,1.0
692,692,692.0,3,0.0144230769230769,1.0,1.0,1.0
693,693,693.0,1,0.0048076923076923,1.0,1.0,1.0
694,694,694.0,2,0.0098522167487684,1.0,1.0,1.0
695,695,695.0,0,0.0,1.0,1.0,1.0
696,696,696.0,5,0.0245098039215686,1.0,1.0,1.0
697,697,697.0,6,0.0294117647058823,1.0,1.0,1.0
698,698,698.0,1,0.0049504950495049,1.0,1.0,1.0
699,699,699.0,3,0.0148514851485148,1.0,1.0,1.0
700,700,700.0,3,0.0146341463414634,1.0,1.0,1.0
701,701,701.0,5,0.024390243902439,1.0,1.0,1.0
702,702,702.0,3,0.0141509433962264,1.0,1.0,1.0
703,703,703.0,3,0.0141509433962264,1.0,1.0,1.0
704,704,704.0,2,0.0094786729857819,1.0,1.0,1.0
705,705,705.0,4,0.0189573459715639,1.0,1.0,1.0
706,706,706.0,3,0.0141509433962264,1.0,1.0,1.0
707,707,707.0,2,0.0094339622641509,1.0,1.0,1.0
708,708,708.0,4,0.0187793427230046,1.0,1.0,1.0
709,709,709.0,3,0.0140845070422535,1.0,1.0,1.0
710,710,710.0,1,0.0045871559633027,1.0,1.0,1.0
711,711,711.0,3,0.0137614678899082,1.0,1.0,1.0
712,712,712.0,3,0.0136363636363636,1.0,1.0,1.0
713,713,713.0,5,0.0227272727272727,1.0,1.0,1.0
714,714,714.0,1,0.004524886877828,1.0,1.0,1.0
715,715,715.0,3,0.0135746606334841,1.0,1.0,1.0
716,716,716.0,10,0.0225225225225225,1.0,2.0,0.5
717,717,717.0,7,0.0157657657657657,1.0,2.0,0.5
718,718,718.0,5,0.0230414746543778,1.0,1.0,1.0
719,719,719.0,3,0.0138248847926267,1.0,1.0,1.0
720,720,720.0,9,0.0209302325581395,1.0,1.0,1.0
721,721,721.0,7,0.0162790697674418,1.0,1.0,1.0
722,722,722.0,5,0.0232558139534883,1.0,1.0,1.0
723,723,723.0,8,0.0372093023255813,1.0,1.0,1.0
724,724,724.0,2,0.0092592592592592,1.0,1.0,1.0
725,725,725.0,3,0.0138888888888888,1.0,1.0,1.0
726,726,726.0,3,0.0141509433962264,1.0,1.0,1.0
727,727,727.0,2,0.0094339622641509,1.0,1.0,1.0
728,728,728.0,3,0.0142180094786729,1.0,1.0,1.0
729,729,729.0,3,0.0142180094786729,1.0,1.0,1.0
730,730,730.0,2,0.0095238095238095,1.0,1.0,1.0
731,731,731.0,4,0.019047619047619,1.0,1.0,1.0
732,732,732.0,2,0.0096153846153846,1.0,1.0,1.0
733,733,733.0,3,0.0144230769230769,1.0,1.0,1.0
734,734,734.0,2,0.0095238095238095,1.0,1.0,1.0
735,735,735.0,3,0.0142857142857142,1.0,1.0,1.0
736,736,736.0,2,0.0095238095238095,1.0,1.0,1.0
737,737,737.0,1,0.0047619047619047,1.0,1.0,1.0
738,738,738.0,4,0.0189573459715639,1.0,1.0,1.0
739,739,739.0,3,0.0142180094786729,1.0,1.0,1.0
740,740,740.0,2,0.0095238095238095,1.0,1.0,1.0
741,741,741.0,3,0.0142857142857142,1.0,1.0,1.0
742,742,742.0,3,0.014018691588785,1.0,1.0,1.0
743,743,743.0,1,0.0046728971962616,1.0,1.0,1.0
744,744,744.0,4,0.0185185185185185,1.0,1.0,1.0
745,745,745.0,4,0.0185185185185185,1.0,1.0,1.0
746,746,746.0,5,0.0231481481481481,1.0,1.0,1.0
747,747,747.0,4,0.0185185185185185,1.0,1.0,1.0
748,748,748.0,3,0.0138248847926267,1.0,1.0,1.0
749,749,749.0,4,0.0184331797235023,1.0,1.0,1.0
750,750,750.0,0,0.0,1.0,1.0,1.0
751,751,751.0,1,0.0045045045045045,0.0,0.0,0.0
752,752,752.0,0,0.0,1.0,1.0,1.0
753,753,753.0,1,0.0044642857142857,0.0,0.0,0.0
754,754,754.0,1,0.0044052863436123,0.0,0.0,0.0
755,755,755.0,1,0.0044052863436123,0.0,0.0,0.0
756,756,756.0,1,0.0044052863436123,0.0,0.0,0.0
757,757,757.0,0,0.0,1.0,1.0,1.0
758,758,758.0,1,0.0043859649122807,1.0,1.0,1.0
759,759,759.0,2,0.0087719298245614,1.0,1.0,1.0
760,760,760.0,1,0.0043478260869565,1.0,1.0,1.0
761,761,761.0,4,0.017391304347826,1.0,1.0,1.0
762,762,762.0,2,0.008695652173913,1.0,1.0,1.0
763,763,763.0,2,0.008695652173913,1.0,1.0,1.0
764,764,764.0,3,0.0131004366812227,1.0,1.0,1.0
765,765,765.0,4,0.0174672489082969,1.0,1.0,1.0
766,766,766.0,4,0.0174672489082969,1.0,1.0,1.0
767,767,767.0,4,0.0174672489082969,1.0,1.0,1.0
768,768,768.0,3,0.0129870129870129,1.0,1.0,1.0
769,769,769.0,3,0.0129870129870129,1.0,1.0,1.0
770,770,770.0,3,0.0131578947368421,1.0,1.0,1.0
771,771,771.0,3,0.0131578947368421,1.0,1.0,1.0
772,772,772.0,2,0.0085470085470085,1.0,1.0,1.0
773,773,773.0,0,0.0,1.0,1.0,1.0
774,774,774.0,7,0.0148305084745762,1.0,2.0,0.5
775,775,775.0,5,0.010593220338983,1.0,2.0,0.5
776,776,776.0,7,0.0146443514644351,1.0,2.0,0.5
777,777,777.0,4,0.00836820083682,1.0,2.0,0.5
778,778,778.0,1,0.0042194092827004,1.0,1.0,1.0
779,779,779.0,2,0.0084388185654008,1.0,1.0,1.0
780,780,780.0,2,0.0083333333333333,1.0,1.0,1.0
781,781,781.0,1,0.0041666666666666,1.0,1.0,1.0
782,782,782.0,1,0.0041666666666666,1.0,1.0,1.0
783,783,783.0,3,0.0125,1.0,1.0,1.0
784,784,784.0,5,0.0201612903225806,1.0,1.0,1.0
785,785,785.0,5,0.0201612903225806,1.0,1.0,1.0
786,786,786.0,2,0.0080645161290322,1.0,1.0,1.0
787,787,787.0,1,0.0040322580645161,1.0,1.0,1.0
788,788,788.0,2,0.0079681274900398,1.0,1.0,1.0
789,789,789.0,3,0.0119521912350597,1.0,1.0,1.0
790,790,790.0,4,0.0161290322580645,1.0,1.0,1.0
791,791,791.0,5,0.0201612903225806,1.0,1.0,1.0
792,792,792.0,3,0.012,1.0,1.0,1.0
793,793,793.0,2,0.008,1.0,1.0,1.0
794,794,794.0,3,0.0119521912350597,1.0,1.0,1.0
795,795,795.0,4,0.0159362549800796,1.0,1.0,1.0
796,796,796.0,3,0.0122448979591836,1.0,1.0,1.0
797,797,797.0,3,0.0122448979591836,1.0,1.0,1.0
798,798,798.0,8,0.0165289256198347,1.0,2.0,0.5
799,799,799.0,4,0.0082644628099173,1.0,2.0,0.5
800,800,800.0,2,0.0082304526748971,1.0,1.0,1.0
801,801,801.0,2,0.0082304526748971,1.0,1.0,1.0
802,802,802.0,4,0.0081967213114754,1.0,2.0,0.5
803,803,803.0,7,0.0143442622950819,1.0,2.0,0.5
804,804,804.0,4,0.0165289256198347,1.0,1.0,1.0
805,805,805.0,3,0.012396694214876,1.0,1.0,1.0
806,806,806.0,9,0.018,1.0,2.0,0.5
807,807,807.0,8,0.016,1.0,2.0,0.5
808,808,808.0,3,0.0119521912350597,1.0,1.0,1.0
809,809,809.0,4,0.0159362549800796,1.0,1.0,1.0
810,810,810.0,1,0.0039370078740157,1.0,1.0,1.0
811,811,811.0,3,0.0118110236220472,1.0,1.0,1.0
812,812,812.0,5,0.01953125,1.0,1.0,1.0
813,813,813.0,6,0.0234375,1.0,1.0,1.0
814,814,814.0,5,0.0189393939393939,1.0,1.0,1.0
815,815,815.0,5,0.0189393939393939,1.0,1.0,1.0
816,816,816.0,1,0.0037453183520599,1.0,1.0,1.0
817,817,817.0,3,0.0112359550561797,1.0,1.0,1.0
818,818,818.0,2,0.0075187969924812,1.0,1.0,1.0
819,819,819.0,1,0.0037593984962406,1.0,1.0,1.0
820,820,820.0,4,0.0151515151515151,1.0,1.0,1.0
821,821,821.0,2,0.0075757575757575,1.0,1.0,1.0
822,822,822.0,2,0.0075187969924812,1.0,1.0,1.0
823,823,823.0,6,0.0225563909774436,1.0,1.0,1.0
824,824,824.0,3,0.0112359550561797,1.0,1.0,1.0
825,825,825.0,2,0.0074906367041198,1.0,1.0,1.0
826,826,826.0,6,0.0114068441064638,1.0,2.0,0.5
827,827,827.0,6,0.0114068441064638,1.0,2.0,0.5
828,828,828.0,4,0.0154440154440154,1.0,1.0,1.0
829,829,829.0,2,0.0077220077220077,1.0,1.0,1.0
830,830,830.0,2,0.0076335877862595,1.0,1.0,1.0
831,831,831.0,2,0.0076335877862595,1.0,1.0,1.0
832,832,832.0,2,0.0076628352490421,1.0,1.0,1.0
833,833,833.0,1,0.003831417624521,1.0,1.0,1.0
834,834,834.0,4,0.0152091254752851,1.0,1.0,1.0
835,835,835.0,5,0.0190114068441064,1.0,1.0,1.0
836,836,836.0,3,0.0114503816793893,1.0,1.0,1.0
837,837,837.0,3,0.0114503816793893,1.0,1.0,1.0
838,838,838.0,3,0.01171875,1.0,1.0,1.0
839,839,839.0,4,0.015625,1.0,1.0,1.0
840,840,840.0,3,0.0115830115830115,1.0,1.0,1.0
841,841,841.0,4,0.0154440154440154,1.0,1.0,1.0
842,842,842.0,6,0.0236220472440944,1.0,1.0,1.0
843,843,843.0,3,0.0118110236220472,1.0,1.0,1.0
844,844,844.0,5,0.0198412698412698,1.0,1.0,1.0
845,845,845.0,4,0.0158730158730158,1.0,1.0,1.0
846,846,846.0,8,0.0155038759689922,1.0,2.0,0.5
847,847,847.0,11,0.0213178294573643,1.0,2.0,0.5
848,848,848.0,5,0.0196078431372549,1.0,1.0,1.0
849,849,849.0,2,0.0078431372549019,1.0,1.0,1.0
850,850,850.0,4,0.016,1.0,1.0,1.0
851,851,851.0,1,0.004,1.0,1.0,1.0
852,852,852.0,4,0.0159362549800796,1.0,1.0,1.0
853,853,853.0,5,0.0199203187250996,1.0,1.0,1.0
854,854,854.0,5,0.0196850393700787,1.0,1.0,1.0
855,855,855.0,2,0.0078740157480314,1.0,1.0,1.0
856,856,856.0,5,0.0196850393700787,1.0,1.0,1.0
857,857,857.0,3,0.0118110236220472,1.0,1.0,1.0
858,858,858.0,6,0.0235294117647058,1.0,1.0,1.0
859,859,859.0,3,0.0117647058823529,1.0,1.0,1.0
860,860,860.0,7,0.0276679841897233,1.0,1.0,1.0
861,861,861.0,6,0.0237154150197628,1.0,1.0,1.0
862,862,862.0,7,0.0278884462151394,1.0,1.0,1.0
863,863,863.0,2,0.0079681274900398,1.0,1.0,1.0
864,864,864.0,6,0.0237154150197628,1.0,1.0,1.0
865,865,865.0,4,0.0158102766798418,1.0,1.0,1.0
866,866,866.0,3,0.0115384615384615,1.0,1.0,1.0
867,867,867.0,1,0.0038461538461538,1.0,1.0,1.0
868,868,868.0,3,0.0112781954887218,1.0,1.0,1.0
869,869,869.0,1,0.0037593984962406,1.0,1.0,1.0
870,870,870.0,4,0.0148148148148148,1.0,1.0,1.0
871,871,871.0,3,0.0111111111111111,1.0,1.0,1.0
872,872,872.0,3,0.0111940298507462,1.0,1.0,1.0
873,873,873.0,3,0.0111940298507462,1.0,1.0,1.0
874,874,874.0,6,0.0107913669064748,1.0,2.0,0.5
875,875,875.0,3,0.0053956834532374,1.0,2.0,0.5
876,876,876.0,5,0.0179856115107913,1.0,1.0,1.0
877,877,877.0,4,0.014388489208633,1.0,1.0,1.0
878,878,878.0,5,0.0180505415162454,1.0,1.0,1.0
879,879,879.0,3,0.0108303249097472,1.0,1.0,1.0
880,880,880.0,4,0.0144404332129963,1.0,1.0,1.0
881,881,881.0,4,0.0144404332129963,1.0,1.0,1.0
882,882,882.0,6,0.021505376344086,1.0,1.0,1.0
883,883,883.0,5,0.017921146953405,1.0,1.0,1.0
884,884,884.0,3,0.0109890109890109,1.0,1.0,1.0
885,885,885.0,1,0.0036630036630036,1.0,1.0,1.0
886,886,886.0,2,0.0074349442379182,1.0,1.0,1.0
887,887,887.0,4,0.0148698884758364,1.0,1.0,1.0
888,888,888.0,3,0.0111940298507462,1.0,1.0,1.0
889,889,889.0,6,0.0223880597014925,1.0,1.0,1.0
890,890,890.0,3,0.0111524163568773,1.0,1.0,1.0
891,891,891.0,4,0.0148698884758364,1.0,1.0,1.0
892,892,892.0,3,0.0111940298507462,1.0,1.0,1.0
893,893,893.0,1,0.003731343283582,1.0,1.0,1.0
894,894,894.0,1,0.0037174721189591,1.0,1.0,1.0
895,895,895.0,3,0.0111524163568773,1.0,1.0,1.0
896,896,896.0,4,0.0153256704980842,1.0,1.0,1.0
897,897,897.0,3,0.0114942528735632,1.0,1.0,1.0
898,898,898.0,9,0.0172413793103448,1.0,2.0,0.5
899,899,899.0,6,0.0114942528735632,1.0,2.0,0.5
900,900,900.0,8,0.0311284046692607,1.0,1.0,1.0
901,901,901.0,5,0.0194552529182879,1.0,1.0,1.0
902,902,902.0,2,0.0077519379844961,1.0,1.0,1.0
903,903,903.0,3,0.0116279069767441,1.0,1.0,1.0
904,904,904.0,6,0.0228136882129277,1.0,1.0,1.0
905,905,905.0,7,0.026615969581749,1.0,1.0,1.0
906,906,906.0,5,0.0190839694656488,1.0,1.0,1.0
907,907,907.0,6,0.0229007633587786,1.0,1.0,1.0
908,908,908.0,1,0.0037735849056603,1.0,1.0,1.0
909,909,909.0,1,0.0037735849056603,1.0,1.0,1.0
910,910,910.0,4,0.0152091254752851,1.0,1.0,1.0
911,911,911.0,6,0.0228136882129277,1.0,1.0,1.0
912,912,912.0,3,0.0113207547169811,1.0,1.0,1.0
913,913,913.0,2,0.0075471698113207,1.0,1.0,1.0
914,914,914.0,5,0.0095057034220532,1.0,2.0,0.5
915,915,915.0,8,0.0152091254752851,1.0,2.0,0.5
916,916,916.0,7,0.0088050314465408,1.0,3.0,0.3333333333333333
917,917,917.0,16,0.020125786163522,1.0,3.0,0.3333333333333333
918,918,918.0,3,0.0114068441064638,1.0,1.0,1.0
919,919,919.0,3,0.0114068441064638,1.0,1.0,1.0
920,920,920.0,5,0.0181818181818181,1.0,1.0,1.0
921,921,921.0,4,0.0145454545454545,1.0,1.0,1.0
922,922,922.0,3,0.0109890109890109,1.0,1.0,1.0
923,923,923.0,7,0.0256410256410256,1.0,1.0,1.0
924,924,924.0,2,0.0072992700729927,1.0,1.0,1.0
925,925,925.0,2,0.0072992700729927,1.0,1.0,1.0
926,926,926.0,8,0.0291970802919708,1.0,1.0,1.0
927,927,927.0,5,0.0182481751824817,1.0,1.0,1.0
928,928,928.0,5,0.0180505415162454,1.0,1.0,1.0
929,929,929.0,6,0.0216606498194945,1.0,1.0,1.0
930,930,930.0,1,0.0036764705882352,0.0,0.0,0.0
931,931,931.0,0,0.0,1.0,1.0,1.0
932,932,932.0,11,0.019298245614035,1.0,1.0,1.0
933,933,933.0,12,0.0210526315789473,1.0,1.0,1.0
934,934,934.0,7,0.0248226950354609,1.0,1.0,1.0
935,935,935.0,7,0.0248226950354609,1.0,1.0,1.0
936,936,936.0,1,0.0035211267605633,1.0,1.0,1.0
937,937,937.0,2,0.0070422535211267,1.0,1.0,1.0
938,938,938.0,4,0.0140845070422535,1.0,1.0,1.0
939,939,939.0,2,0.0070422535211267,1.0,1.0,1.0
940,940,940.0,3,0.0107142857142857,1.0,1.0,1.0
941,941,941.0,3,0.0107142857142857,1.0,1.0,1.0
942,942,942.0,5,0.0177935943060498,1.0,1.0,1.0
943,943,943.0,7,0.0249110320284697,1.0,1.0,1.0
944,944,944.0,7,0.0248226950354609,1.0,1.0,1.0
945,945,945.0,6,0.0212765957446808,1.0,1.0,1.0
946,946,946.0,5,0.0176056338028169,1.0,1.0,1.0
947,947,947.0,7,0.0246478873239436,1.0,1.0,1.0
948,948,948.0,9,0.0160714285714285,1.0,2.0,0.5
949,949,949.0,6,0.0107142857142857,1.0,2.0,0.5
950,950,950.0,7,0.0249110320284697,1.0,1.0,1.0
951,951,951.0,1,0.0035587188612099,1.0,1.0,1.0
952,952,952.0,5,0.0176678445229682,1.0,1.0,1.0
953,953,953.0,3,0.0106007067137809,1.0,1.0,1.0
954,954,954.0,4,0.0140350877192982,1.0,1.0,1.0
955,955,955.0,9,0.031578947368421,1.0,1.0,1.0
956,956,956.0,4,0.0139860139860139,1.0,1.0,1.0
957,957,957.0,6,0.0209790209790209,1.0,1.0,1.0
958,958,958.0,6,0.0216606498194945,1.0,1.0,1.0
959,959,959.0,5,0.0180505415162454,1.0,1.0,1.0
960,960,960.0,8,0.0283687943262411,1.0,1.0,1.0
961,961,961.0,7,0.0248226950354609,1.0,1.0,1.0
962,962,962.0,4,0.0141843971631205,1.0,1.0,1.0
963,963,963.0,3,0.0106382978723404,1.0,1.0,1.0
964,964,964.0,7,0.0125448028673835,1.0,1.0,1.0
965,965,965.0,3,0.0053763440860215,1.0,1.0,1.0
966,966,966.0,4,0.0141342756183745,1.0,1.0,1.0
967,967,967.0,2,0.0070671378091872,1.0,1.0,1.0
968,968,968.0,2,0.0070422535211267,1.0,1.0,1.0
969,969,969.0,4,0.0140845070422535,1.0,1.0,1.0
970,970,970.0,4,0.0140845070422535,1.0,1.0,1.0
971,971,971.0,1,0.0035211267605633,1.0,1.0,1.0
972,972,972.0,12,0.0212014134275618,1.0,2.0,0.5
973,973,973.0,7,0.0123674911660777,1.0,2.0,0.5
974,974,974.0,4,0.0136054421768707,1.0,1.0,1.0
975,975,975.0,1,0.0034013605442176,1.0,1.0,1.0
976,976,976.0,4,0.0135135135135135,1.0,1.0,1.0
977,977,977.0,3,0.0101351351351351,1.0,1.0,1.0
978,978,978.0,2,0.0066666666666666,1.0,1.0,1.0
979,979,979.0,5,0.0166666666666666,1.0,1.0,1.0
980,980,980.0,4,0.0133333333333333,1.0,1.0,1.0
981,981,981.0,1,0.0033333333333333,1.0,1.0,1.0
982,982,982.0,4,0.0134228187919463,1.0,1.0,1.0
983,983,983.0,2,0.0067114093959731,1.0,1.0,1.0
984,984,984.0,3,0.0101010101010101,1.0,1.0,1.0
985,985,985.0,4,0.0134680134680134,1.0,1.0,1.0
986,986,986.0,4,0.0133333333333333,1.0,1.0,1.0
987,987,987.0,7,0.0233333333333333,1.0,1.0,1.0
988,988,988.0,3,0.0101010101010101,1.0,1.0,1.0
989,989,989.0,3,0.0101010101010101,1.0,1.0,1.0
990,990,990.0,5,0.0083056478405315,1.0,2.0,0.5
991,991,991.0,5,0.0083056478405315,1.0,2.0,0.5
992,992,992.0,2,0.0066006600660066,1.0,1.0,1.0
993,993,993.0,1,0.0033003300330033,1.0,1.0,1.0
994,994,994.0,2,0.0066445182724252,1.0,1.0,1.0
995,995,995.0,5,0.0166112956810631,1.0,1.0,1.0
996,996,996.0,6,0.0198675496688741,1.0,1.0,1.0
997,997,997.0,5,0.0165562913907284,1.0,1.0,1.0
998,998,998.0,7,0.0115131578947368,1.0,2.0,0.5
999,999,999.0,3,0.0049342105263157,1.0,2.0,0.5
1000,1000,1000.0,5,0.0164473684210526,1.0,1.0,1.0
1001,1001,1001.0,1,0.0032894736842105,1.0,1.0,1.0
1002,1002,1002.0,3,0.0098684210526315,1.0,1.0,1.0
1003,1003,1003.0,5,0.0164473684210526,1.0,1.0,1.0
1004,1004,1004.0,5,0.0081699346405228,1.0,2.0,0.5
1005,1005,1005.0,5,0.0081699346405228,1.0,2.0,0.5
1006,1006,1006.0,2,0.006578947368421,1.0,1.0,1.0
1007,1007,1007.0,3,0.0098684210526315,1.0,1.0,1.0
1008,1008,1008.0,4,0.0132890365448504,1.0,1.0,1.0
1009,1009,1009.0,1,0.0033222591362126,1.0,1.0,1.0
1010,1010,1010.0,4,0.0135135135135135,1.0,1.0,1.0
1011,1011,1011.0,2,0.0067567567567567,1.0,1.0,1.0
1012,1012,1012.0,4,0.0137457044673539,1.0,1.0,1.0
1013,1013,1013.0,5,0.0171821305841924,1.0,1.0,1.0
1014,1014,1014.0,6,0.0207612456747404,1.0,1.0,1.0
1015,1015,1015.0,7,0.0242214532871972,1.0,1.0,1.0
1016,1016,1016.0,5,0.0173010380622837,1.0,1.0,1.0
1017,1017,1017.0,4,0.0138408304498269,1.0,1.0,1.0
1018,1018,1018.0,4,0.0137931034482758,1.0,1.0,1.0
1019,1019,1019.0,7,0.0241379310344827,1.0,1.0,1.0
1020,1020,1020.0,5,0.0088339222614841,1.0,2.0,0.5
1021,1021,1021.0,6,0.0106007067137809,1.0,2.0,0.5
1022,1022,1022.0,5,0.0177935943060498,1.0,1.0,1.0
1023,1023,1023.0,1,0.0035587188612099,1.0,1.0,1.0
1024,1024,1024.0,7,0.0125899280575539,1.0,2.0,0.5
1025,1025,1025.0,7,0.0125899280575539,1.0,2.0,0.5
1026,1026,1026.0,3,0.0106761565836298,1.0,1.0,1.0
1027,1027,1027.0,2,0.0071174377224199,1.0,1.0,1.0
1028,1028,1028.0,3,0.0106761565836298,1.0,1.0,1.0
1029,1029,1029.0,4,0.0142348754448398,1.0,1.0,1.0
1030,1030,1030.0,2,0.0071942446043165,1.0,1.0,1.0
1031,1031,1031.0,3,0.0107913669064748,1.0,1.0,1.0
1032,1032,1032.0,0,0.0,1.0,1.0,1.0
1033,1033,1033.0,2,0.0072202166064981,1.0,1.0,1.0
1034,1034,1034.0,2,0.0072202166064981,1.0,1.0,1.0
1035,1035,1035.0,3,0.0108303249097472,1.0,1.0,1.0
1036,1036,1036.0,3,0.0108695652173913,1.0,1.0,1.0
1037,1037,1037.0,4,0.0144927536231884,1.0,1.0,1.0
1038,1038,1038.0,3,0.0108303249097472,1.0,1.0,1.0
1039,1039,1039.0,1,0.003610108303249,1.0,1.0,1.0
1040,1040,1040.0,2,0.0072727272727272,1.0,1.0,1.0
1041,1041,1041.0,1,0.0036363636363636,1.0,1.0,1.0
1042,1042,1042.0,3,0.0110294117647058,1.0,1.0,1.0
1043,1043,1043.0,4,0.0147058823529411,1.0,1.0,1.0
1044,1044,1044.0,8,0.0149812734082397,1.0,2.0,0.5
1045,1045,1045.0,6,0.0112359550561797,1.0,2.0,0.5
1046,1046,1046.0,3,0.0111524163568773,1.0,1.0,1.0
1047,1047,1047.0,3,0.0111524163568773,1.0,1.0,1.0
1048,1048,1048.0,2,0.007380073800738,1.0,1.0,1.0
1049,1049,1049.0,3,0.011070110701107,1.0,1.0,1.0
1050,1050,1050.0,2,0.0074626865671641,1.0,1.0,1.0
1051,1051,1051.0,4,0.0149253731343283,1.0,1.0,1.0
1052,1052,1052.0,4,0.0153256704980842,1.0,1.0,1.0
1053,1053,1053.0,2,0.0076628352490421,1.0,1.0,1.0
1054,1054,1054.0,5,0.0191570881226053,1.0,1.0,1.0
1055,1055,1055.0,3,0.0114942528735632,1.0,1.0,1.0
1056,1056,1056.0,2,0.0075757575757575,1.0,1.0,1.0
1057,1057,1057.0,2,0.0075757575757575,1.0,1.0,1.0
1058,1058,1058.0,3,0.0116279069767441,1.0,1.0,1.0
1059,1059,1059.0,1,0.003875968992248,1.0,1.0,1.0
1060,1060,1060.0,2,0.0077519379844961,1.0,1.0,1.0
1061,1061,1061.0,2,0.0077519379844961,1.0,1.0,1.0
1062,1062,1062.0,2,0.0076923076923076,1.0,1.0,1.0
1063,1063,1063.0,3,0.0115384615384615,1.0,1.0,1.0
1064,1064,1064.0,6,0.0076335877862595,1.0,3.0,0.3333333333333333
1065,1065,1065.0,5,0.0063613231552162,1.0,3.0,0.3333333333333333
1066,1066,1066.0,1,0.0037037037037037,1.0,1.0,1.0
1067,1067,1067.0,3,0.0111111111111111,1.0,1.0,1.0
1068,1068,1068.0,4,0.0148148148148148,1.0,1.0,1.0
1069,1069,1069.0,2,0.0074074074074074,1.0,1.0,1.0
1070,1070,1070.0,3,0.011070110701107,1.0,1.0,1.0
1071,1071,1071.0,3,0.011070110701107,1.0,1.0,1.0
1072,1072,1072.0,2,0.0070175438596491,1.0,1.0,1.0
1073,1073,1073.0,2,0.0070175438596491,1.0,1.0,1.0
1074,1074,1074.0,4,0.0141342756183745,1.0,1.0,1.0
1075,1075,1075.0,3,0.0106007067137809,1.0,1.0,1.0
1076,1076,1076.0,3,0.010752688172043,1.0,1.0,1.0
1077,1077,1077.0,5,0.017921146953405,1.0,1.0,1.0
1078,1078,1078.0,4,0.014388489208633,1.0,1.0,1.0
1079,1079,1079.0,4,0.014388489208633,1.0,1.0,1.0
1080,1080,1080.0,2,0.0072202166064981,1.0,1.0,1.0
1081,1081,1081.0,0,0.0,1.0,1.0,1.0
1082,1082,1082.0,3,0.0107142857142857,1.0,1.0,1.0
1083,1083,1083.0,2,0.0071428571428571,1.0,1.0,1.0
1084,1084,1084.0,3,0.010752688172043,1.0,1.0,1.0
1085,1085,1085.0,1,0.003584229390681,1.0,1.0,1.0
1086,1086,1086.0,6,0.0070921985815602,1.0,3.0,0.3333333333333333
1087,1087,1087.0,7,0.0082742316784869,1.0,3.0,0.3333333333333333
1088,1088,1088.0,6,0.0108303249097472,1.0,2.0,0.5
1089,1089,1089.0,3,0.0054151624548736,1.0,2.0,0.5
1090,1090,1090.0,1,0.0036496350364963,1.0,1.0,1.0
1091,1091,1091.0,4,0.0145985401459854,1.0,1.0,1.0
1092,1092,1092.0,3,0.010948905109489,1.0,1.0,1.0
1093,1093,1093.0,7,0.0255474452554744,1.0,1.0,1.0
1094,1094,1094.0,4,0.0146520146520146,1.0,1.0,1.0
1095,1095,1095.0,2,0.0073260073260073,1.0,1.0,1.0
1096,1096,1096.0,1,0.0034482758620689,1.0,1.0,1.0
1097,1097,1097.0,2,0.0068965517241379,1.0,1.0,1.0
1098,1098,1098.0,6,0.0103092783505154,1.0,2.0,0.5
1099,1099,1099.0,2,0.0034364261168384,1.0,2.0,0.5
1100,1100,1100.0,2,0.0068259385665529,1.0,1.0,1.0
1101,1101,1101.0,3,0.0102389078498293,1.0,1.0,1.0
1102,1102,1102.0,4,0.0134228187919463,1.0,1.0,1.0
1103,1103,1103.0,3,0.0100671140939597,1.0,1.0,1.0
1104,1104,1104.0,5,0.0169491525423728,1.0,1.0,1.0
1105,1105,1105.0,3,0.0101694915254237,1.0,1.0,1.0
1106,1106,1106.0,4,0.0135593220338983,1.0,1.0,1.0
1107,1107,1107.0,4,0.0135593220338983,1.0,1.0,1.0
1108,1108,1108.0,3,0.0100671140939597,1.0,1.0,1.0
1109,1109,1109.0,4,0.0134228187919463,1.0,1.0,1.0
1110,1110,1110.0,2,0.0066445182724252,1.0,1.0,1.0
1111,1111,1111.0,0,0.0,1.0,1.0,1.0
1112,1112,1112.0,3,0.0099667774086378,1.0,1.0,1.0
1113,1113,1113.0,3,0.0099667774086378,1.0,1.0,1.0
1114,1114,1114.0,1,0.0033333333333333,1.0,1.0,1.0
1115,1115,1115.0,0,0.0,1.0,1.0,1.0
1116,1116,1116.0,0,0.0,1.0,1.0,1.0
1117,1117,1117.0,1,0.0032362459546925,1.0,1.0,1.0
1118,1118,1118.0,3,0.0095846645367412,1.0,1.0,1.0
1119,1119,1119.0,2,0.0063897763578274,1.0,1.0,1.0
1120,1120,1120.0,3,0.0096463022508038,1.0,1.0,1.0
1121,1121,1121.0,2,0.0064308681672025,1.0,1.0,1.0
1122,1122,1122.0,1,0.0031948881789137,1.0,1.0,1.0
1123,1123,1123.0,2,0.0063897763578274,1.0,1.0,1.0
1124,1124,1124.0,3,0.0096774193548387,1.0,1.0,1.0
1125,1125,1125.0,3,0.0096774193548387,1.0,1.0,1.0
1126,1126,1126.0,3,0.0096774193548387,1.0,1.0,1.0
1127,1127,1127.0,2,0.0064516129032258,1.0,1.0,1.0
1128,1128,1128.0,3,0.0097087378640776,1.0,1.0,1.0
1129,1129,1129.0,2,0.0064724919093851,1.0,1.0,1.0
1130,1130,1130.0,2,0.0064516129032258,1.0,1.0,1.0
1131,1131,1131.0,3,0.0096774193548387,1.0,1.0,1.0
1132,1132,1132.0,3,0.0096774193548387,1.0,1.0,1.0
1133,1133,1133.0,1,0.0032258064516129,1.0,1.0,1.0
1134,1134,1134.0,1,0.0031645569620253,1.0,1.0,1.0
1135,1135,1135.0,0,0.0,1.0,1.0,1.0
1136,1136,1136.0,0,0.0,1.0,1.0,1.0
1137,1137,1137.0,1,0.0031446540880503,1.0,1.0,1.0
1138,1138,1138.0,3,0.0094339622641509,1.0,1.0,1.0
1139,1139,1139.0,3,0.0094339622641509,1.0,1.0,1.0
1140,1140,1140.0,4,0.0126582278481012,1.0,1.0,1.0
1141,1141,1141.0,0,0.0,1.0,1.0,1.0
1142,1142,1142.0,4,0.0126182965299684,1.0,1.0,1.0
1143,1143,1143.0,3,0.0094637223974763,1.0,1.0,1.0
1144,1144,1144.0,3,0.0094339622641509,1.0,1.0,1.0
1145,1145,1145.0,3,0.0094339622641509,1.0,1.0,1.0
1146,1146,1146.0,3,0.0093457943925233,1.0,1.0,1.0
1147,1147,1147.0,2,0.0062305295950155,1.0,1.0,1.0
1148,1148,1148.0,5,0.0078125,1.0,1.0,1.0
1149,1149,1149.0,7,0.0109375,1.0,1.0,1.0
1150,1150,1150.0,2,0.0061728395061728,1.0,1.0,1.0
1151,1151,1151.0,4,0.0123456790123456,1.0,1.0,1.0
1152,1152,1152.0,9,0.0287539936102236,1.0,1.0,1.0
1153,1153,1153.0,9,0.0287539936102236,1.0,1.0,1.0
1154,1154,1154.0,2,0.0066666666666666,1.0,1.0,1.0
1155,1155,1155.0,3,0.01,1.0,1.0,1.0
1156,1156,1156.0,9,0.0157894736842105,1.0,1.0,1.0
1157,1157,1157.0,6,0.0105263157894736,1.0,1.0,1.0
1158,1158,1158.0,5,0.0176056338028169,1.0,1.0,1.0
1159,1159,1159.0,6,0.0211267605633802,1.0,1.0,1.0
1160,1160,1160.0,2,0.0068027210884353,1.0,1.0,1.0
1161,1161,1161.0,2,0.0068027210884353,1.0,1.0,1.0
1162,1162,1162.0,1,0.0033670033670033,1.0,1.0,1.0
1163,1163,1163.0,2,0.0067340067340067,1.0,1.0,1.0
1164,1164,1164.0,2,0.0067796610169491,1.0,1.0,1.0
1165,1165,1165.0,1,0.0033898305084745,1.0,1.0,1.0
1166,1166,1166.0,7,0.0116666666666666,1.0,2.0,0.5
1167,1167,1167.0,8,0.0133333333333333,1.0,2.0,0.5
1168,1168,1168.0,1,0.0033333333333333,1.0,1.0,1.0
1169,1169,1169.0,1,0.0033333333333333,1.0,1.0,1.0
1170,1170,1170.0,3,0.0101010101010101,1.0,1.0,1.0
1171,1171,1171.0,4,0.0134680134680134,1.0,1.0,1.0
1172,1172,1172.0,6,0.0201342281879194,1.0,1.0,1.0
1173,1173,1173.0,5,0.0167785234899328,1.0,1.0,1.0
1174,1174,1174.0,4,0.0133333333333333,1.0,1.0,1.0
1175,1175,1175.0,1,0.0033333333333333,1.0,1.0,1.0
1176,1176,1176.0,1,0.0033222591362126,1.0,1.0,1.0
1177,1177,1177.0,3,0.0099667774086378,1.0,1.0,1.0
1178,1178,1178.0,6,0.006578947368421,1.0,3.0,0.3333333333333333
1179,1179,1179.0,7,0.0076754385964912,1.0,3.0,0.3333333333333333
1180,1180,1180.0,4,0.0130718954248366,1.0,1.0,1.0
1181,1181,1181.0,5,0.0163398692810457,1.0,1.0,1.0
1182,1182,1182.0,4,0.0132013201320132,1.0,1.0,1.0
1183,1183,1183.0,3,0.0099009900990099,1.0,1.0,1.0
1184,1184,1184.0,3,0.009933774834437,1.0,1.0,1.0
1185,1185,1185.0,2,0.0066225165562913,1.0,1.0,1.0
1186,1186,1186.0,5,0.0168918918918918,1.0,1.0,1.0
1187,1187,1187.0,2,0.0067567567567567,1.0,1.0,1.0
1188,1188,1188.0,3,0.0100334448160535,1.0,1.0,1.0
1189,1189,1189.0,5,0.0167224080267558,1.0,1.0,1.0
1190,1190,1190.0,10,0.0173010380622837,1.0,2.0,0.5
1191,1191,1191.0,5,0.0086505190311418,1.0,2.0,0.5
1192,1192,1192.0,4,0.0136518771331058,1.0,1.0,1.0
1193,1193,1193.0,2,0.0068259385665529,1.0,1.0,1.0
1194,1194,1194.0,3,0.0051194539249146,1.0,1.0,1.0
1195,1195,1195.0,2,0.0034129692832764,1.0,1.0,1.0
1196,1196,1196.0,4,0.0068493150684931,1.0,1.0,1.0
1197,1197,1197.0,5,0.0085616438356164,1.0,1.0,1.0
1198,1198,1198.0,1,0.0034246575342465,1.0,1.0,1.0
1199,1199,1199.0,1,0.0034246575342465,1.0,1.0,1.0
1200,1200,1200.0,4,0.0137457044673539,1.0,1.0,1.0
1201,1201,1201.0,3,0.0103092783505154,1.0,1.0,1.0
1202,1202,1202.0,2,0.0067796610169491,1.0,1.0,1.0
1203,1203,1203.0,0,0.0,1.0,1.0,1.0
1204,1204,1204.0,5,0.0170068027210884,1.0,1.0,1.0
1205,1205,1205.0,2,0.0068027210884353,1.0,1.0,1.0
1206,1206,1206.0,4,0.0133333333333333,1.0,1.0,1.0
1207,1207,1207.0,4,0.0133333333333333,1.0,1.0,1.0
1208,1208,1208.0,2,0.0067114093959731,1.0,1.0,1.0
1209,1209,1209.0,4,0.0134228187919463,1.0,1.0,1.0
1210,1210,1210.0,3,0.010204081632653,1.0,1.0,1.0
1211,1211,1211.0,5,0.0170068027210884,1.0,1.0,1.0
1212,1212,1212.0,6,0.0204081632653061,1.0,1.0,1.0
1213,1213,1213.0,7,0.0238095238095238,1.0,1.0,1.0
1214,1214,1214.0,10,0.0170068027210884,1.0,2.0,0.5
1215,1215,1215.0,5,0.0085034013605442,1.0,2.0,0.5
1216,1216,1216.0,4,0.0137457044673539,1.0,1.0,1.0
1217,1217,1217.0,2,0.0068728522336769,1.0,1.0,1.0
1218,1218,1218.0,9,0.0155709342560553,1.0,2.0,0.5
1219,1219,1219.0,5,0.0086505190311418,1.0,2.0,0.5
1220,1220,1220.0,5,0.0175438596491228,1.0,1.0,1.0
1221,1221,1221.0,5,0.0175438596491228,1.0,1.0,1.0
1222,1222,1222.0,4,0.0139860139860139,1.0,1.0,1.0
1223,1223,1223.0,2,0.0069930069930069,1.0,1.0,1.0
1224,1224,1224.0,3,0.0105263157894736,1.0,1.0,1.0
1225,1225,1225.0,4,0.0140350877192982,1.0,1.0,1.0
1226,1226,1226.0,3,0.0105263157894736,1.0,1.0,1.0
1227,1227,1227.0,3,0.0105263157894736,1.0,1.0,1.0
1228,1228,1228.0,3,0.0104895104895104,1.0,1.0,1.0
1229,1229,1229.0,7,0.0244755244755244,1.0,1.0,1.0
1230,1230,1230.0,4,0.0140350877192982,1.0,1.0,1.0
1231,1231,1231.0,3,0.0105263157894736,1.0,1.0,1.0
1232,1232,1232.0,2,0.0070175438596491,1.0,1.0,1.0
1233,1233,1233.0,3,0.0105263157894736,1.0,1.0,1.0
1234,1234,1234.0,6,0.0212765957446808,1.0,1.0,1.0
1235,1235,1235.0,5,0.0177304964539007,1.0,1.0,1.0
1236,1236,1236.0,6,0.0213523131672597,1.0,1.0,1.0
1237,1237,1237.0,7,0.0249110320284697,1.0,1.0,1.0
1238,1238,1238.0,6,0.0212765957446808,1.0,1.0,1.0
1239,1239,1239.0,3,0.0106382978723404,1.0,1.0,1.0
1240,1240,1240.0,2,0.0069930069930069,1.0,1.0,1.0
1241,1241,1241.0,3,0.0104895104895104,1.0,1.0,1.0
1242,1242,1242.0,8,0.0139860139860139,1.0,1.0,1.0
1243,1243,1243.0,9,0.0157342657342657,1.0,1.0,1.0
1244,1244,1244.0,4,0.0139372822299651,1.0,1.0,1.0
1245,1245,1245.0,5,0.0174216027874564,1.0,1.0,1.0
1246,1246,1246.0,5,0.0171821305841924,1.0,1.0,1.0
1247,1247,1247.0,3,0.0103092783505154,1.0,1.0,1.0
1248,1248,1248.0,3,0.0102739726027397,1.0,1.0,1.0
1249,1249,1249.0,2,0.0068493150684931,1.0,1.0,1.0
1250,1250,1250.0,9,0.0155172413793103,1.0,2.0,0.5
1251,1251,1251.0,6,0.0103448275862068,1.0,2.0,0.5
1252,1252,1252.0,12,0.0193548387096774,1.0,2.0,0.5
1253,1253,1253.0,8,0.0129032258064516,1.0,2.0,0.5
1254,1254,1254.0,4,0.0127388535031847,1.0,1.0,1.0
1255,1255,1255.0,3,0.0095541401273885,1.0,1.0,1.0
1256,1256,1256.0,7,0.0222929936305732,1.0,1.0,1.0
1257,1257,1257.0,3,0.0095541401273885,1.0,1.0,1.0
1258,1258,1258.0,4,0.0126984126984126,1.0,1.0,1.0
1259,1259,1259.0,3,0.0095238095238095,1.0,1.0,1.0
1260,1260,1260.0,6,0.0192307692307692,1.0,1.0,1.0
1261,1261,1261.0,3,0.0096153846153846,1.0,1.0,1.0
1262,1262,1262.0,3,0.0096153846153846,1.0,1.0,1.0
1263,1263,1263.0,5,0.016025641025641,1.0,1.0,1.0
1264,1264,1264.0,3,0.0095846645367412,1.0,1.0,1.0
1265,1265,1265.0,7,0.0223642172523961,1.0,1.0,1.0
1266,1266,1266.0,9,0.0096463022508038,1.0,3.0,0.3333333333333333
1267,1267,1267.0,9,0.0096463022508038,1.0,3.0,0.3333333333333333
1268,1268,1268.0,2,0.0063897763578274,1.0,1.0,1.0
1269,1269,1269.0,3,0.0095846645367412,1.0,1.0,1.0
1270,1270,1270.0,6,0.0191693290734824,1.0,1.0,1.0
1271,1271,1271.0,3,0.0095846645367412,1.0,1.0,1.0
1272,0,0.0,0,2.0,,,
1273,0,0.0,0,2.0,,,
1274,0,0.0,0,1.0,,,
1275,0,0.0,0,1.0,,,
1276,0,0.0,0,3.0,,,
1277,0,0.0,0,3.0,,,
1278,0,0.0,0,1.0,,,
1279,0,0.0,0,1.0,,,
1280,0,0.0,0,1.0,,,
1281,0,0.0,0,1.0,,,
1282,0,0.0,0,1.0,,,
1283,0,0.0,0,1.0,,,
1284,0,0.0,0,1.0,,,
1285,0,0.0,0,1.0,,,
1286,0,0.0,0,1.0,,,
1287,0,0.0,0,1.0,,,
1288,0,0.0,0,1.0,,,
1289,0,0.0,0,1.0,,,
1290,0,0.0,0,1.0,,,
1291,0,0.0,0,1.0,,,
1292,0,0.0,0,1.0,,,
1293,0,0.0,0,1.0,,,
1294,0,0.0,0,1.0,,,
1295,0,0.0,0,1.0,,,
1296,0,0.0,0,1.0,,,
1297,0,0.0,0,1.0,,,
1298,0,0.0,0,2.0,,,
1299,0,0.0,0,2.0,,,
1300,0,0.0,0,1.0,,,
1301,0,0.0,0,1.0,,,
1302,0,0.0,0,1.0,,,
1303,0,0.0,0,1.0,,,
1304,0,0.0,0,1.0,,,
1305,0,0.0,0,1.0,,,
1306,0,0.0,0,3.0,,,
1307,0,0.0,0,3.0,,,
1308,0,0.0,0,2.0,,,
1309,0,0.0,0,2.0,,,
1310,0,0.0,0,1.0,,,
1311,0,0.0,0,1.0,,,
1312,0,0.0,0,1.0,,,
1313,0,0.0,0,1.0,,,
1314,0,0.0,0,1.0,,,
1315,0,0.0,0,1.0,,,
1316,0,0.0,0,2.0,,,
1317,0,0.0,0,2.0,,,
1318,0,0.0,0,2.0,,,
1319,0,0.0,0,2.0,,,
1320,0,0.0,0,1.0,,,
1321,0,0.0,0,1.0,,,
1322,0,0.0,0,1.0,,,
1323,0,0.0,0,1.0,,,
1324,0,0.0,0,0.0,,,
1325,0,0.0,0,0.0,,,
1326,0,0.0,0,1.0,,,
1327,0,0.0,0,1.0,,,
1328,0,0.0,0,1.0,,,
1329,0,0.0,0,1.0,,,
1330,0,0.0,0,0.0,,,
1331,0,0.0,0,0.0,,,
1332,0,0.0,0,2.0,,,
1333,0,0.0,0,2.0,,,
